domain,instance,obs_pct,true_idx,predicted_idx,spread,correct,obs_count,deltas,posterior,beta
block-words,p02,10,0,0,20,1,1,"inf,inf,inf,inf,inf,inf,inf,inf,inf,inf,inf,inf,inf,inf,inf,inf,inf,inf,inf,inf","0.0500,0.0500,0.0500,0.0500,0.0500,0.0500,0.0500,0.0500,0.0500,0.0500,0.0500,0.0500,0.0500,0.0500,0.0500,0.0500,0.0500,0.0500,0.0500,0.0500",1.0
block-words,p02,30,0,0,20,1,3,"inf,inf,inf,inf,inf,inf,inf,inf,inf,inf,inf,inf,inf,inf,inf,inf,inf,inf,inf,inf","0.0500,0.0500,0.0500,0.0500,0.0500,0.0500,0.0500,0.0500,0.0500,0.0500,0.0500,0.0500,0.0500,0.0500,0.0500,0.0500,0.0500,0.0500,0.0500,0.0500",1.0
block-words,p02,50,0,0,20,1,4,"inf,inf,inf,inf,inf,inf,inf,inf,inf,inf,inf,inf,inf,inf,inf,inf,inf,inf,inf,inf","0.0500,0.0500,0.0500,0.0500,0.0500,0.0500,0.0500,0.0500,0.0500,0.0500,0.0500,0.0500,0.0500,0.0500,0.0500,0.0500,0.0500,0.0500,0.0500,0.0500",1.0
block-words,p02,70,0,0,20,1,6,"inf,inf,inf,inf,inf,inf,inf,inf,inf,inf,inf,inf,inf,inf,inf,inf,inf,inf,inf,inf","0.0500,0.0500,0.0500,0.0500,0.0500,0.0500,0.0500,0.0500,0.0500,0.0500,0.0500,0.0500,0.0500,0.0500,0.0500,0.0500,0.0500,0.0500,0.0500,0.0500",1.0
block-words,p02,100,0,0,20,1,8,"inf,inf,inf,inf,inf,inf,inf,inf,inf,inf,inf,inf,inf,inf,inf,inf,inf,inf,inf,inf","0.0500,0.0500,0.0500,0.0500,0.0500,0.0500,0.0500,0.0500,0.0500,0.0500,0.0500,0.0500,0.0500,0.0500,0.0500,0.0500,0.0500,0.0500,0.0500,0.0500",1.0
block-words,p02,10,1,0,20,0,2,"inf,inf,inf,inf,inf,inf,inf,inf,inf,inf,inf,inf,inf,inf,inf,inf,inf,inf,inf,inf","0.0500,0.0500,0.0500,0.0500,0.0500,0.0500,0.0500,0.0500,0.0500,0.0500,0.0500,0.0500,0.0500,0.0500,0.0500,0.0500,0.0500,0.0500,0.0500,0.0500",1.0
block-words,p02,30,1,0,20,0,4,"inf,inf,inf,inf,inf,inf,inf,inf,inf,inf,inf,inf,inf,inf,inf,inf,inf,inf,inf,inf","0.0500,0.0500,0.0500,0.0500,0.0500,0.0500,0.0500,0.0500,0.0500,0.0500,0.0500,0.0500,0.0500,0.0500,0.0500,0.0500,0.0500,0.0500,0.0500,0.0500",1.0
block-words,p02,50,1,0,20,0,6,"inf,inf,inf,inf,inf,inf,inf,inf,inf,inf,inf,inf,inf,inf,inf,inf,inf,inf,inf,inf","0.0500,0.0500,0.0500,0.0500,0.0500,0.0500,0.0500,0.0500,0.0500,0.0500,0.0500,0.0500,0.0500,0.0500,0.0500,0.0500,0.0500,0.0500,0.0500,0.0500",1.0
block-words,p02,70,1,0,20,0,9,"inf,inf,inf,inf,inf,inf,inf,inf,inf,inf,inf,inf,inf,inf,inf,inf,inf,inf,inf,inf","0.0500,0.0500,0.0500,0.0500,0.0500,0.0500,0.0500,0.0500,0.0500,0.0500,0.0500,0.0500,0.0500,0.0500,0.0500,0.0500,0.0500,0.0500,0.0500,0.0500",1.0
block-words,p02,100,1,0,20,0,12,"inf,inf,inf,inf,inf,inf,inf,inf,inf,inf,inf,inf,inf,inf,inf,inf,inf,inf,inf,inf","0.0500,0.0500,0.0500,0.0500,0.0500,0.0500,0.0500,0.0500,0.0500,0.0500,0.0500,0.0500,0.0500,0.0500,0.0500,0.0500,0.0500,0.0500,0.0500,0.0500",1.0
block-words,p02,10,2,0,20,0,1,"inf,inf,inf,inf,inf,inf,inf,inf,inf,inf,inf,inf,inf,inf,inf,inf,inf,inf,inf,inf","0.0500,0.0500,0.0500,0.0500,0.0500,0.0500,0.0500,0.0500,0.0500,0.0500,0.0500,0.0500,0.0500,0.0500,0.0500,0.0500,0.0500,0.0500,0.0500,0.0500",1.0
block-words,p02,30,2,0,20,0,3,"inf,inf,inf,inf,inf,inf,inf,inf,inf,inf,inf,inf,inf,inf,inf,inf,inf,inf,inf,inf","0.0500,0.0500,0.0500,0.0500,0.0500,0.0500,0.0500,0.0500,0.0500,0.0500,0.0500,0.0500,0.0500,0.0500,0.0500,0.0500,0.0500,0.0500,0.0500,0.0500",1.0
block-words,p02,50,2,0,20,0,5,"inf,inf,inf,inf,inf,inf,inf,inf,inf,inf,inf,inf,inf,inf,inf,inf,inf,inf,inf,inf","0.0500,0.0500,0.0500,0.0500,0.0500,0.0500,0.0500,0.0500,0.0500,0.0500,0.0500,0.0500,0.0500,0.0500,0.0500,0.0500,0.0500,0.0500,0.0500,0.0500",1.0
block-words,p02,70,2,0,20,0,7,"inf,inf,inf,inf,inf,inf,inf,inf,inf,inf,inf,inf,inf,inf,inf,inf,inf,inf,inf,inf","0.0500,0.0500,0.0500,0.0500,0.0500,0.0500,0.0500,0.0500,0.0500,0.0500,0.0500,0.0500,0.0500,0.0500,0.0500,0.0500,0.0500,0.0500,0.0500,0.0500",1.0
block-words,p02,100,2,0,20,0,10,"inf,inf,inf,inf,inf,inf,inf,inf,inf,inf,inf,inf,inf,inf,inf,inf,inf,inf,inf,inf","0.0500,0.0500,0.0500,0.0500,0.0500,0.0500,0.0500,0.0500,0.0500,0.0500,0.0500,0.0500,0.0500,0.0500,0.0500,0.0500,0.0500,0.0500,0.0500,0.0500",1.0
block-words,p02,10,3,0,20,0,1,"inf,inf,inf,inf,inf,inf,inf,inf,inf,inf,inf,inf,inf,inf,inf,inf,inf,inf,inf,inf","0.0500,0.0500,0.0500,0.0500,0.0500,0.0500,0.0500,0.0500,0.0500,0.0500,0.0500,0.0500,0.0500,0.0500,0.0500,0.0500,0.0500,0.0500,0.0500,0.0500",1.0
block-words,p02,30,3,0,20,0,3,"inf,inf,inf,inf,inf,inf,inf,inf,inf,inf,inf,inf,inf,inf,inf,inf,inf,inf,inf,inf","0.0500,0.0500,0.0500,0.0500,0.0500,0.0500,0.0500,0.0500,0.0500,0.0500,0.0500,0.0500,0.0500,0.0500,0.0500,0.0500,0.0500,0.0500,0.0500,0.0500",1.0
block-words,p02,50,3,0,20,0,4,"inf,inf,inf,inf,inf,inf,inf,inf,inf,inf,inf,inf,inf,inf,inf,inf,inf,inf,inf,inf","0.0500,0.0500,0.0500,0.0500,0.0500,0.0500,0.0500,0.0500,0.0500,0.0500,0.0500,0.0500,0.0500,0.0500,0.0500,0.0500,0.0500,0.0500,0.0500,0.0500",1.0
block-words,p02,70,3,0,20,0,6,"inf,inf,inf,inf,inf,inf,inf,inf,inf,inf,inf,inf,inf,inf,inf,inf,inf,inf,inf,inf","0.0500,0.0500,0.0500,0.0500,0.0500,0.0500,0.0500,0.0500,0.0500,0.0500,0.0500,0.0500,0.0500,0.0500,0.0500,0.0500,0.0500,0.0500,0.0500,0.0500",1.0
block-words,p02,100,3,0,20,0,8,"inf,inf,inf,inf,inf,inf,inf,inf,inf,inf,inf,inf,inf,inf,inf,inf,inf,inf,inf,inf","0.0500,0.0500,0.0500,0.0500,0.0500,0.0500,0.0500,0.0500,0.0500,0.0500,0.0500,0.0500,0.0500,0.0500,0.0500,0.0500,0.0500,0.0500,0.0500,0.0500",1.0
block-words,p02,10,4,0,20,0,2,"inf,inf,inf,inf,inf,inf,inf,inf,inf,inf,inf,inf,inf,inf,inf,inf,inf,inf,inf,inf","0.0500,0.0500,0.0500,0.0500,0.0500,0.0500,0.0500,0.0500,0.0500,0.0500,0.0500,0.0500,0.0500,0.0500,0.0500,0.0500,0.0500,0.0500,0.0500,0.0500",1.0
block-words,p02,30,4,0,20,0,4,"inf,inf,inf,inf,inf,inf,inf,inf,inf,inf,inf,inf,inf,inf,inf,inf,inf,inf,inf,inf","0.0500,0.0500,0.0500,0.0500,0.0500,0.0500,0.0500,0.0500,0.0500,0.0500,0.0500,0.0500,0.0500,0.0500,0.0500,0.0500,0.0500,0.0500,0.0500,0.0500",1.0
block-words,p02,50,4,0,20,0,6,"inf,inf,inf,inf,inf,inf,inf,inf,inf,inf,inf,inf,inf,inf,inf,inf,inf,inf,inf,inf","0.0500,0.0500,0.0500,0.0500,0.0500,0.0500,0.0500,0.0500,0.0500,0.0500,0.0500,0.0500,0.0500,0.0500,0.0500,0.0500,0.0500,0.0500,0.0500,0.0500",1.0
block-words,p02,70,4,0,20,0,9,"inf,inf,inf,inf,inf,inf,inf,inf,inf,inf,inf,inf,inf,inf,inf,inf,inf,inf,inf,inf","0.0500,0.0500,0.0500,0.0500,0.0500,0.0500,0.0500,0.0500,0.0500,0.0500,0.0500,0.0500,0.0500,0.0500,0.0500,0.0500,0.0500,0.0500,0.0500,0.0500",1.0
block-words,p02,100,4,0,20,0,12,"inf,inf,inf,inf,inf,inf,inf,inf,inf,inf,inf,inf,inf,inf,inf,inf,inf,inf,inf,inf","0.0500,0.0500,0.0500,0.0500,0.0500,0.0500,0.0500,0.0500,0.0500,0.0500,0.0500,0.0500,0.0500,0.0500,0.0500,0.0500,0.0500,0.0500,0.0500,0.0500",1.0
block-words,p02,10,5,0,20,0,1,"inf,inf,inf,inf,inf,inf,inf,inf,inf,inf,inf,inf,inf,inf,inf,inf,inf,inf,inf,inf","0.0500,0.0500,0.0500,0.0500,0.0500,0.0500,0.0500,0.0500,0.0500,0.0500,0.0500,0.0500,0.0500,0.0500,0.0500,0.0500,0.0500,0.0500,0.0500,0.0500",1.0
block-words,p02,30,5,0,20,0,3,"inf,inf,inf,inf,inf,inf,inf,inf,inf,inf,inf,inf,inf,inf,inf,inf,inf,inf,inf,inf","0.0500,0.0500,0.0500,0.0500,0.0500,0.0500,0.0500,0.0500,0.0500,0.0500,0.0500,0.0500,0.0500,0.0500,0.0500,0.0500,0.0500,0.0500,0.0500,0.0500",1.0
block-words,p02,50,5,0,20,0,5,"inf,inf,inf,inf,inf,inf,inf,inf,inf,inf,inf,inf,inf,inf,inf,inf,inf,inf,inf,inf","0.0500,0.0500,0.0500,0.0500,0.0500,0.0500,0.0500,0.0500,0.0500,0.0500,0.0500,0.0500,0.0500,0.0500,0.0500,0.0500,0.0500,0.0500,0.0500,0.0500",1.0
block-words,p02,70,5,0,20,0,7,"inf,inf,inf,inf,inf,inf,inf,inf,inf,inf,inf,inf,inf,inf,inf,inf,inf,inf,inf,inf","0.0500,0.0500,0.0500,0.0500,0.0500,0.0500,0.0500,0.0500,0.0500,0.0500,0.0500,0.0500,0.0500,0.0500,0.0500,0.0500,0.0500,0.0500,0.0500,0.0500",1.0
block-words,p02,100,5,0,20,0,10,"inf,inf,inf,inf,inf,inf,inf,inf,inf,inf,inf,inf,inf,inf,inf,inf,inf,inf,inf,inf","0.0500,0.0500,0.0500,0.0500,0.0500,0.0500,0.0500,0.0500,0.0500,0.0500,0.0500,0.0500,0.0500,0.0500,0.0500,0.0500,0.0500,0.0500,0.0500,0.0500",1.0
block-words,p02,10,6,0,20,0,1,"inf,inf,inf,inf,inf,inf,inf,inf,inf,inf,inf,inf,inf,inf,inf,inf,inf,inf,inf,inf","0.0500,0.0500,0.0500,0.0500,0.0500,0.0500,0.0500,0.0500,0.0500,0.0500,0.0500,0.0500,0.0500,0.0500,0.0500,0.0500,0.0500,0.0500,0.0500,0.0500",1.0
block-words,p02,30,6,0,20,0,3,"inf,inf,inf,inf,inf,inf,inf,inf,inf,inf,inf,inf,inf,inf,inf,inf,inf,inf,inf,inf","0.0500,0.0500,0.0500,0.0500,0.0500,0.0500,0.0500,0.0500,0.0500,0.0500,0.0500,0.0500,0.0500,0.0500,0.0500,0.0500,0.0500,0.0500,0.0500,0.0500",1.0
block-words,p02,50,6,0,20,0,5,"inf,inf,inf,inf,inf,inf,inf,inf,inf,inf,inf,inf,inf,inf,inf,inf,inf,inf,inf,inf","0.0500,0.0500,0.0500,0.0500,0.0500,0.0500,0.0500,0.0500,0.0500,0.0500,0.0500,0.0500,0.0500,0.0500,0.0500,0.0500,0.0500,0.0500,0.0500,0.0500",1.0
block-words,p02,70,6,0,20,0,7,"inf,inf,inf,inf,inf,inf,inf,inf,inf,inf,inf,inf,inf,inf,inf,inf,inf,inf,inf,inf","0.0500,0.0500,0.0500,0.0500,0.0500,0.0500,0.0500,0.0500,0.0500,0.0500,0.0500,0.0500,0.0500,0.0500,0.0500,0.0500,0.0500,0.0500,0.0500,0.0500",1.0
block-words,p02,100,6,0,20,0,10,"inf,inf,inf,inf,inf,inf,inf,inf,inf,inf,inf,inf,inf,inf,inf,inf,inf,inf,inf,inf","0.0500,0.0500,0.0500,0.0500,0.0500,0.0500,0.0500,0.0500,0.0500,0.0500,0.0500,0.0500,0.0500,0.0500,0.0500,0.0500,0.0500,0.0500,0.0500,0.0500",1.0
block-words,p02,10,7,0,20,0,1,"inf,inf,inf,inf,inf,inf,inf,inf,inf,inf,inf,inf,inf,inf,inf,inf,inf,inf,inf,inf","0.0500,0.0500,0.0500,0.0500,0.0500,0.0500,0.0500,0.0500,0.0500,0.0500,0.0500,0.0500,0.0500,0.0500,0.0500,0.0500,0.0500,0.0500,0.0500,0.0500",1.0
block-words,p02,30,7,0,20,0,2,"inf,inf,inf,inf,inf,inf,inf,inf,inf,inf,inf,inf,inf,inf,inf,inf,inf,inf,inf,inf","0.0500,0.0500,0.0500,0.0500,0.0500,0.0500,0.0500,0.0500,0.0500,0.0500,0.0500,0.0500,0.0500,0.0500,0.0500,0.0500,0.0500,0.0500,0.0500,0.0500",1.0
block-words,p02,50,7,0,20,0,2,"inf,inf,inf,inf,inf,inf,inf,inf,inf,inf,inf,inf,inf,inf,inf,inf,inf,inf,inf,inf","0.0500,0.0500,0.0500,0.0500,0.0500,0.0500,0.0500,0.0500,0.0500,0.0500,0.0500,0.0500,0.0500,0.0500,0.0500,0.0500,0.0500,0.0500,0.0500,0.0500",1.0
block-words,p02,70,7,0,20,0,3,"inf,inf,inf,inf,inf,inf,inf,inf,inf,inf,inf,inf,inf,inf,inf,inf,inf,inf,inf,inf","0.0500,0.0500,0.0500,0.0500,0.0500,0.0500,0.0500,0.0500,0.0500,0.0500,0.0500,0.0500,0.0500,0.0500,0.0500,0.0500,0.0500,0.0500,0.0500,0.0500",1.0
block-words,p02,100,7,0,20,0,4,"inf,inf,inf,inf,inf,inf,inf,inf,inf,inf,inf,inf,inf,inf,inf,inf,inf,inf,inf,inf","0.0500,0.0500,0.0500,0.0500,0.0500,0.0500,0.0500,0.0500,0.0500,0.0500,0.0500,0.0500,0.0500,0.0500,0.0500,0.0500,0.0500,0.0500,0.0500,0.0500",1.0
block-words,p02,10,8,0,20,0,1,"inf,inf,inf,inf,inf,inf,inf,inf,inf,inf,inf,inf,inf,inf,inf,inf,inf,inf,inf,inf","0.0500,0.0500,0.0500,0.0500,0.0500,0.0500,0.0500,0.0500,0.0500,0.0500,0.0500,0.0500,0.0500,0.0500,0.0500,0.0500,0.0500,0.0500,0.0500,0.0500",1.0
block-words,p02,30,8,0,20,0,2,"inf,inf,inf,inf,inf,inf,inf,inf,inf,inf,inf,inf,inf,inf,inf,inf,inf,inf,inf,inf","0.0500,0.0500,0.0500,0.0500,0.0500,0.0500,0.0500,0.0500,0.0500,0.0500,0.0500,0.0500,0.0500,0.0500,0.0500,0.0500,0.0500,0.0500,0.0500,0.0500",1.0
block-words,p02,50,8,0,20,0,2,"inf,inf,inf,inf,inf,inf,inf,inf,inf,inf,inf,inf,inf,inf,inf,inf,inf,inf,inf,inf","0.0500,0.0500,0.0500,0.0500,0.0500,0.0500,0.0500,0.0500,0.0500,0.0500,0.0500,0.0500,0.0500,0.0500,0.0500,0.0500,0.0500,0.0500,0.0500,0.0500",1.0
block-words,p02,70,8,0,20,0,3,"inf,inf,inf,inf,inf,inf,inf,inf,inf,inf,inf,inf,inf,inf,inf,inf,inf,inf,inf,inf","0.0500,0.0500,0.0500,0.0500,0.0500,0.0500,0.0500,0.0500,0.0500,0.0500,0.0500,0.0500,0.0500,0.0500,0.0500,0.0500,0.0500,0.0500,0.0500,0.0500",1.0
block-words,p02,100,8,0,20,0,4,"inf,inf,inf,inf,inf,inf,inf,inf,inf,inf,inf,inf,inf,inf,inf,inf,inf,inf,inf,inf","0.0500,0.0500,0.0500,0.0500,0.0500,0.0500,0.0500,0.0500,0.0500,0.0500,0.0500,0.0500,0.0500,0.0500,0.0500,0.0500,0.0500,0.0500,0.0500,0.0500",1.0
block-words,p02,10,9,0,20,0,1,"inf,inf,inf,inf,inf,inf,inf,inf,inf,inf,inf,inf,inf,inf,inf,inf,inf,inf,inf,inf","0.0500,0.0500,0.0500,0.0500,0.0500,0.0500,0.0500,0.0500,0.0500,0.0500,0.0500,0.0500,0.0500,0.0500,0.0500,0.0500,0.0500,0.0500,0.0500,0.0500",1.0
block-words,p02,30,9,0,20,0,3,"inf,inf,inf,inf,inf,inf,inf,inf,inf,inf,inf,inf,inf,inf,inf,inf,inf,inf,inf,inf","0.0500,0.0500,0.0500,0.0500,0.0500,0.0500,0.0500,0.0500,0.0500,0.0500,0.0500,0.0500,0.0500,0.0500,0.0500,0.0500,0.0500,0.0500,0.0500,0.0500",1.0
block-words,p02,50,9,0,20,0,5,"inf,inf,inf,inf,inf,inf,inf,inf,inf,inf,inf,inf,inf,inf,inf,inf,inf,inf,inf,inf","0.0500,0.0500,0.0500,0.0500,0.0500,0.0500,0.0500,0.0500,0.0500,0.0500,0.0500,0.0500,0.0500,0.0500,0.0500,0.0500,0.0500,0.0500,0.0500,0.0500",1.0
block-words,p02,70,9,0,20,0,7,"inf,inf,inf,inf,inf,inf,inf,inf,inf,inf,inf,inf,inf,inf,inf,inf,inf,inf,inf,inf","0.0500,0.0500,0.0500,0.0500,0.0500,0.0500,0.0500,0.0500,0.0500,0.0500,0.0500,0.0500,0.0500,0.0500,0.0500,0.0500,0.0500,0.0500,0.0500,0.0500",1.0
block-words,p02,100,9,0,20,0,10,"inf,inf,inf,inf,inf,inf,inf,inf,inf,inf,inf,inf,inf,inf,inf,inf,inf,inf,inf,inf","0.0500,0.0500,0.0500,0.0500,0.0500,0.0500,0.0500,0.0500,0.0500,0.0500,0.0500,0.0500,0.0500,0.0500,0.0500,0.0500,0.0500,0.0500,0.0500,0.0500",1.0
block-words,p02,10,10,0,20,0,1,"inf,inf,inf,inf,inf,inf,inf,inf,inf,inf,inf,inf,inf,inf,inf,inf,inf,inf,inf,inf","0.0500,0.0500,0.0500,0.0500,0.0500,0.0500,0.0500,0.0500,0.0500,0.0500,0.0500,0.0500,0.0500,0.0500,0.0500,0.0500,0.0500,0.0500,0.0500,0.0500",1.0
block-words,p02,30,10,0,20,0,3,"inf,inf,inf,inf,inf,inf,inf,inf,inf,inf,inf,inf,inf,inf,inf,inf,inf,inf,inf,inf","0.0500,0.0500,0.0500,0.0500,0.0500,0.0500,0.0500,0.0500,0.0500,0.0500,0.0500,0.0500,0.0500,0.0500,0.0500,0.0500,0.0500,0.0500,0.0500,0.0500",1.0
block-words,p02,50,10,0,20,0,5,"inf,inf,inf,inf,inf,inf,inf,inf,inf,inf,inf,inf,inf,inf,inf,inf,inf,inf,inf,inf","0.0500,0.0500,0.0500,0.0500,0.0500,0.0500,0.0500,0.0500,0.0500,0.0500,0.0500,0.0500,0.0500,0.0500,0.0500,0.0500,0.0500,0.0500,0.0500,0.0500",1.0
block-words,p02,70,10,0,20,0,7,"inf,inf,inf,inf,inf,inf,inf,inf,inf,inf,inf,inf,inf,inf,inf,inf,inf,inf,inf,inf","0.0500,0.0500,0.0500,0.0500,0.0500,0.0500,0.0500,0.0500,0.0500,0.0500,0.0500,0.0500,0.0500,0.0500,0.0500,0.0500,0.0500,0.0500,0.0500,0.0500",1.0
block-words,p02,100,10,0,20,0,10,"inf,inf,inf,inf,inf,inf,inf,inf,inf,inf,inf,inf,inf,inf,inf,inf,inf,inf,inf,inf","0.0500,0.0500,0.0500,0.0500,0.0500,0.0500,0.0500,0.0500,0.0500,0.0500,0.0500,0.0500,0.0500,0.0500,0.0500,0.0500,0.0500,0.0500,0.0500,0.0500",1.0
block-words,p02,10,11,0,20,0,2,"inf,inf,inf,inf,inf,inf,inf,inf,inf,inf,inf,inf,inf,inf,inf,inf,inf,inf,inf,inf","0.0500,0.0500,0.0500,0.0500,0.0500,0.0500,0.0500,0.0500,0.0500,0.0500,0.0500,0.0500,0.0500,0.0500,0.0500,0.0500,0.0500,0.0500,0.0500,0.0500",1.0
block-words,p02,30,11,0,20,0,4,"inf,inf,inf,inf,inf,inf,inf,inf,inf,inf,inf,inf,inf,inf,inf,inf,inf,inf,inf,inf","0.0500,0.0500,0.0500,0.0500,0.0500,0.0500,0.0500,0.0500,0.0500,0.0500,0.0500,0.0500,0.0500,0.0500,0.0500,0.0500,0.0500,0.0500,0.0500,0.0500",1.0
block-words,p02,50,11,0,20,0,6,"inf,inf,inf,inf,inf,inf,inf,inf,inf,inf,inf,inf,inf,inf,inf,inf,inf,inf,inf,inf","0.0500,0.0500,0.0500,0.0500,0.0500,0.0500,0.0500,0.0500,0.0500,0.0500,0.0500,0.0500,0.0500,0.0500,0.0500,0.0500,0.0500,0.0500,0.0500,0.0500",1.0
block-words,p02,70,11,0,20,0,9,"inf,inf,inf,inf,inf,inf,inf,inf,inf,inf,inf,inf,inf,inf,inf,inf,inf,inf,inf,inf","0.0500,0.0500,0.0500,0.0500,0.0500,0.0500,0.0500,0.0500,0.0500,0.0500,0.0500,0.0500,0.0500,0.0500,0.0500,0.0500,0.0500,0.0500,0.0500,0.0500",1.0
block-words,p02,100,11,0,20,0,12,"inf,inf,inf,inf,inf,inf,inf,inf,inf,inf,inf,inf,inf,inf,inf,inf,inf,inf,inf,inf","0.0500,0.0500,0.0500,0.0500,0.0500,0.0500,0.0500,0.0500,0.0500,0.0500,0.0500,0.0500,0.0500,0.0500,0.0500,0.0500,0.0500,0.0500,0.0500,0.0500",1.0
block-words,p02,10,12,0,20,0,1,"inf,inf,inf,inf,inf,inf,inf,inf,inf,inf,inf,inf,inf,inf,inf,inf,inf,inf,inf,inf","0.0500,0.0500,0.0500,0.0500,0.0500,0.0500,0.0500,0.0500,0.0500,0.0500,0.0500,0.0500,0.0500,0.0500,0.0500,0.0500,0.0500,0.0500,0.0500,0.0500",1.0
block-words,p02,30,12,0,20,0,3,"inf,inf,inf,inf,inf,inf,inf,inf,inf,inf,inf,inf,inf,inf,inf,inf,inf,inf,inf,inf","0.0500,0.0500,0.0500,0.0500,0.0500,0.0500,0.0500,0.0500,0.0500,0.0500,0.0500,0.0500,0.0500,0.0500,0.0500,0.0500,0.0500,0.0500,0.0500,0.0500",1.0
block-words,p02,50,12,0,20,0,4,"inf,inf,inf,inf,inf,inf,inf,inf,inf,inf,inf,inf,inf,inf,inf,inf,inf,inf,inf,inf","0.0500,0.0500,0.0500,0.0500,0.0500,0.0500,0.0500,0.0500,0.0500,0.0500,0.0500,0.0500,0.0500,0.0500,0.0500,0.0500,0.0500,0.0500,0.0500,0.0500",1.0
block-words,p02,70,12,0,20,0,6,"inf,inf,inf,inf,inf,inf,inf,inf,inf,inf,inf,inf,inf,inf,inf,inf,inf,inf,inf,inf","0.0500,0.0500,0.0500,0.0500,0.0500,0.0500,0.0500,0.0500,0.0500,0.0500,0.0500,0.0500,0.0500,0.0500,0.0500,0.0500,0.0500,0.0500,0.0500,0.0500",1.0
block-words,p02,100,12,0,20,0,8,"inf,inf,inf,inf,inf,inf,inf,inf,inf,inf,inf,inf,inf,inf,inf,inf,inf,inf,inf,inf","0.0500,0.0500,0.0500,0.0500,0.0500,0.0500,0.0500,0.0500,0.0500,0.0500,0.0500,0.0500,0.0500,0.0500,0.0500,0.0500,0.0500,0.0500,0.0500,0.0500",1.0
block-words,p02,10,13,0,20,0,1,"inf,inf,inf,inf,inf,inf,inf,inf,inf,inf,inf,inf,inf,inf,inf,inf,inf,inf,inf,inf","0.0500,0.0500,0.0500,0.0500,0.0500,0.0500,0.0500,0.0500,0.0500,0.0500,0.0500,0.0500,0.0500,0.0500,0.0500,0.0500,0.0500,0.0500,0.0500,0.0500",1.0
block-words,p02,30,13,0,20,0,2,"inf,inf,inf,inf,inf,inf,inf,inf,inf,inf,inf,inf,inf,inf,inf,inf,inf,inf,inf,inf","0.0500,0.0500,0.0500,0.0500,0.0500,0.0500,0.0500,0.0500,0.0500,0.0500,0.0500,0.0500,0.0500,0.0500,0.0500,0.0500,0.0500,0.0500,0.0500,0.0500",1.0
block-words,p02,50,13,0,20,0,3,"inf,inf,inf,inf,inf,inf,inf,inf,inf,inf,inf,inf,inf,inf,inf,inf,inf,inf,inf,inf","0.0500,0.0500,0.0500,0.0500,0.0500,0.0500,0.0500,0.0500,0.0500,0.0500,0.0500,0.0500,0.0500,0.0500,0.0500,0.0500,0.0500,0.0500,0.0500,0.0500",1.0
block-words,p02,70,13,0,20,0,5,"inf,inf,inf,inf,inf,inf,inf,inf,inf,inf,inf,inf,inf,inf,inf,inf,inf,inf,inf,inf","0.0500,0.0500,0.0500,0.0500,0.0500,0.0500,0.0500,0.0500,0.0500,0.0500,0.0500,0.0500,0.0500,0.0500,0.0500,0.0500,0.0500,0.0500,0.0500,0.0500",1.0
block-words,p02,100,13,0,20,0,6,"inf,inf,inf,inf,inf,inf,inf,inf,inf,inf,inf,inf,inf,inf,inf,inf,inf,inf,inf,inf","0.0500,0.0500,0.0500,0.0500,0.0500,0.0500,0.0500,0.0500,0.0500,0.0500,0.0500,0.0500,0.0500,0.0500,0.0500,0.0500,0.0500,0.0500,0.0500,0.0500",1.0
block-words,p02,10,14,0,20,0,1,"inf,inf,inf,inf,inf,inf,inf,inf,inf,inf,inf,inf,inf,inf,inf,inf,inf,inf,inf,inf","0.0500,0.0500,0.0500,0.0500,0.0500,0.0500,0.0500,0.0500,0.0500,0.0500,0.0500,0.0500,0.0500,0.0500,0.0500,0.0500,0.0500,0.0500,0.0500,0.0500",1.0
block-words,p02,30,14,0,20,0,2,"inf,inf,inf,inf,inf,inf,inf,inf,inf,inf,inf,inf,inf,inf,inf,inf,inf,inf,inf,inf","0.0500,0.0500,0.0500,0.0500,0.0500,0.0500,0.0500,0.0500,0.0500,0.0500,0.0500,0.0500,0.0500,0.0500,0.0500,0.0500,0.0500,0.0500,0.0500,0.0500",1.0
block-words,p02,50,14,0,20,0,3,"inf,inf,inf,inf,inf,inf,inf,inf,inf,inf,inf,inf,inf,inf,inf,inf,inf,inf,inf,inf","0.0500,0.0500,0.0500,0.0500,0.0500,0.0500,0.0500,0.0500,0.0500,0.0500,0.0500,0.0500,0.0500,0.0500,0.0500,0.0500,0.0500,0.0500,0.0500,0.0500",1.0
block-words,p02,70,14,0,20,0,5,"inf,inf,inf,inf,inf,inf,inf,inf,inf,inf,inf,inf,inf,inf,inf,inf,inf,inf,inf,inf","0.0500,0.0500,0.0500,0.0500,0.0500,0.0500,0.0500,0.0500,0.0500,0.0500,0.0500,0.0500,0.0500,0.0500,0.0500,0.0500,0.0500,0.0500,0.0500,0.0500",1.0
block-words,p02,100,14,0,20,0,6,"inf,inf,inf,inf,inf,inf,inf,inf,inf,inf,inf,inf,inf,inf,inf,inf,inf,inf,inf,inf","0.0500,0.0500,0.0500,0.0500,0.0500,0.0500,0.0500,0.0500,0.0500,0.0500,0.0500,0.0500,0.0500,0.0500,0.0500,0.0500,0.0500,0.0500,0.0500,0.0500",1.0
block-words,p02,10,15,0,20,0,1,"inf,inf,inf,inf,inf,inf,inf,inf,inf,inf,inf,inf,inf,inf,inf,inf,inf,inf,inf,inf","0.0500,0.0500,0.0500,0.0500,0.0500,0.0500,0.0500,0.0500,0.0500,0.0500,0.0500,0.0500,0.0500,0.0500,0.0500,0.0500,0.0500,0.0500,0.0500,0.0500",1.0
block-words,p02,30,15,0,20,0,2,"inf,inf,inf,inf,inf,inf,inf,inf,inf,inf,inf,inf,inf,inf,inf,inf,inf,inf,inf,inf","0.0500,0.0500,0.0500,0.0500,0.0500,0.0500,0.0500,0.0500,0.0500,0.0500,0.0500,0.0500,0.0500,0.0500,0.0500,0.0500,0.0500,0.0500,0.0500,0.0500",1.0
block-words,p02,50,15,0,20,0,3,"inf,inf,inf,inf,inf,inf,inf,inf,inf,inf,inf,inf,inf,inf,inf,inf,inf,inf,inf,inf","0.0500,0.0500,0.0500,0.0500,0.0500,0.0500,0.0500,0.0500,0.0500,0.0500,0.0500,0.0500,0.0500,0.0500,0.0500,0.0500,0.0500,0.0500,0.0500,0.0500",1.0
block-words,p02,70,15,0,20,0,5,"inf,inf,inf,inf,inf,inf,inf,inf,inf,inf,inf,inf,inf,inf,inf,inf,inf,inf,inf,inf","0.0500,0.0500,0.0500,0.0500,0.0500,0.0500,0.0500,0.0500,0.0500,0.0500,0.0500,0.0500,0.0500,0.0500,0.0500,0.0500,0.0500,0.0500,0.0500,0.0500",1.0
block-words,p02,100,15,0,20,0,6,"inf,inf,inf,inf,inf,inf,inf,inf,inf,inf,inf,inf,inf,inf,inf,inf,inf,inf,inf,inf","0.0500,0.0500,0.0500,0.0500,0.0500,0.0500,0.0500,0.0500,0.0500,0.0500,0.0500,0.0500,0.0500,0.0500,0.0500,0.0500,0.0500,0.0500,0.0500,0.0500",1.0
block-words,p02,10,16,0,20,0,1,"inf,inf,inf,inf,inf,inf,inf,inf,inf,inf,inf,inf,inf,inf,inf,inf,inf,inf,inf,inf","0.0500,0.0500,0.0500,0.0500,0.0500,0.0500,0.0500,0.0500,0.0500,0.0500,0.0500,0.0500,0.0500,0.0500,0.0500,0.0500,0.0500,0.0500,0.0500,0.0500",1.0
block-words,p02,30,16,0,20,0,2,"inf,inf,inf,inf,inf,inf,inf,inf,inf,inf,inf,inf,inf,inf,inf,inf,inf,inf,inf,inf","0.0500,0.0500,0.0500,0.0500,0.0500,0.0500,0.0500,0.0500,0.0500,0.0500,0.0500,0.0500,0.0500,0.0500,0.0500,0.0500,0.0500,0.0500,0.0500,0.0500",1.0
block-words,p02,50,16,0,20,0,3,"inf,inf,inf,inf,inf,inf,inf,inf,inf,inf,inf,inf,inf,inf,inf,inf,inf,inf,inf,inf","0.0500,0.0500,0.0500,0.0500,0.0500,0.0500,0.0500,0.0500,0.0500,0.0500,0.0500,0.0500,0.0500,0.0500,0.0500,0.0500,0.0500,0.0500,0.0500,0.0500",1.0
block-words,p02,70,16,0,20,0,5,"inf,inf,inf,inf,inf,inf,inf,inf,inf,inf,inf,inf,inf,inf,inf,inf,inf,inf,inf,inf","0.0500,0.0500,0.0500,0.0500,0.0500,0.0500,0.0500,0.0500,0.0500,0.0500,0.0500,0.0500,0.0500,0.0500,0.0500,0.0500,0.0500,0.0500,0.0500,0.0500",1.0
block-words,p02,100,16,0,20,0,6,"inf,inf,inf,inf,inf,inf,inf,inf,inf,inf,inf,inf,inf,inf,inf,inf,inf,inf,inf,inf","0.0500,0.0500,0.0500,0.0500,0.0500,0.0500,0.0500,0.0500,0.0500,0.0500,0.0500,0.0500,0.0500,0.0500,0.0500,0.0500,0.0500,0.0500,0.0500,0.0500",1.0
block-words,p02,10,17,0,20,0,1,"inf,inf,inf,inf,inf,inf,inf,inf,inf,inf,inf,inf,inf,inf,inf,inf,inf,inf,inf,inf","0.0500,0.0500,0.0500,0.0500,0.0500,0.0500,0.0500,0.0500,0.0500,0.0500,0.0500,0.0500,0.0500,0.0500,0.0500,0.0500,0.0500,0.0500,0.0500,0.0500",1.0
block-words,p02,30,17,0,20,0,3,"inf,inf,inf,inf,inf,inf,inf,inf,inf,inf,inf,inf,inf,inf,inf,inf,inf,inf,inf,inf","0.0500,0.0500,0.0500,0.0500,0.0500,0.0500,0.0500,0.0500,0.0500,0.0500,0.0500,0.0500,0.0500,0.0500,0.0500,0.0500,0.0500,0.0500,0.0500,0.0500",1.0
block-words,p02,50,17,17,2,1,4,"2,2,2,2,2,2,2,4,4,2,2,2,2,2,2,2,4,0,0,4","0.0341,0.0341,0.0341,0.0341,0.0341,0.0341,0.0341,0.0046,0.0046,0.0341,0.0341,0.0341,0.0341,0.0341,0.0341,0.0341,0.0046,0.2520,0.2520,0.0046",1.0
